{
    "paths": {},
    "uuids": [
        "02delMVqdBD70a/HSD99FK",
        "56tkHZ7e5GOKwzdKJRKkQY",
        "a2MjXRFdtLlYQ5ouAFv/+R",
        "ecpdLyjvZBwrvm+cedCcQy"
    ],
    "scenes": {
        "db://assets/cases/sys/CallLocal.fire": "56tkHZ7e5GOKwzdKJRKkQY"
    },
    "redirect": [
        "02delMVqdBD70a/HSD99FK",
        0,
        "ecpdLyjvZBwrvm+cedCcQy",
        0
    ],
    "deps": [
        "internal"
    ],
    "packs": {
        "0f5cab84a": [
            "56tkHZ7e5GOKwzdKJRKkQY",
            "a2MjXRFdtLlYQ5ouAFv/+R"
        ]
    },
    "name": "main",
    "importBase": "import",
    "nativeBase": "native",
    "debug": true,
    "isZip": false,
    "encrypted": false,
    "versions": {
        "import": [
            "0f5cab84a",
            "af902"
        ],
        "native": []
    }
}